Workbook

Sheet Projeto
A1: project_id | B1: project_date_ini | C1: project_cost | D1: project_duration | E1: project_cost_per_tu | F1: project_cost_tu | G1: project_cost_per_wu | H1: project_cost_wu
A2: EV-00000 | B2: 45658 | C2: 1000000 | D2: 12 | E2: =C2/F2 -> 18939.394 | F2: =D2*$B$7 -> 52.8 | G2: =C2/H2 -> 18.210956 | H2: =H19 -> 54912
C3: Em R$ | D3: em meses | F3: em semanas
C4: Este custo pode ser do total do projeto ou apenas o custo da equipe executora
A6: Padrões SIGITEC:
A7: 1 mês = | B7: 4.4 | C7: semanas
A8: Usaremos time units = semana
A11: task_id | B11: task_notes | C11: predecessors | D11: expected_date_ini | E11: expected_date_end | F11: expected_ini_tu | G11: expected_end_tu | H11: expected_wu | I11: expected_workrate
A12: 1 | B12: Descrição Atividade 1 | C12: 0 | D12: 45658 | E12: 45747 | F12: =INT((D12-$B$2)/7) -> 0 | G12: =INT((E12-$B$2)/7) -> 12 | H12: =Equipe!J25 -> 11580 | I12: =H12/(G12-F12) -> 965
A13: 2 | B13: Descrição Atividade 2 | C13: 0 | D13: 45658 | E13: 45709 | F13: =INT((D13-$B$2)/7) -> 0 | G13: =INT((E13-$B$2)/7) -> 7 | H13: =Equipe!J26 -> 8440 | I13: =H13/(G13-F13) -> 1205.7143
A14: 3 | B14: Descrição Atividade 3 | C14: 0 | D14: 45658 | E14: 45709 | F14: =INT((D14-$B$2)/7) -> 0 | G14: =INT((E14-$B$2)/7) -> 7 | H14: =Equipe!J27 -> 6780 | I14: =H14/(G14-F14) -> 968.57143
A15: 4 | B15: Descrição Atividade 4 | C15: 1,2,3 | D15: 45748 | E15: =D15+70 -> 45818 | F15: =INT((D15-$B$2)/7) -> 12 | G15: =INT((E15-$B$2)/7) -> 22 | H15: =Equipe!J28 -> 9260 | I15: =H15/(G15-F15) -> 926
A16: 5 | B16: Descrição Atividade 5 | C16: 0 | D16: 45758 | E16: =E15 -> 45818 | F16: =INT((D16-$B$2)/7) -> 14 | G16: =INT((E16-$B$2)/7) -> 22 | H16: =Equipe!J29 -> 5292 | I16: =H16/(G16-F16) -> 661.5
A17: 6 | B17: Descrição Atividade 6 | C17: 4,5 | D17: =E16 -> 45818 | E17: =D17+100 -> 45918 | F17: =INT((D17-$B$2)/7) -> 22 | G17: =INT((E17-$B$2)/7) -> 37 | H17: =Equipe!J30 -> 9300 | I17: =H17/(G17-F17) -> 620
A18: 7 | B18: Descrição Atividade 7 | C18: 6 | D18: =E17 -> 45918 | E18: =D18+55 -> 45973 | F18: =INT((D18-$B$2)/7) -> 37 | G18: =INT((E18-$B$2)/7) -> 45 | H18: =Equipe!J31 -> 4260 | I18: =H18/(G18-F18) -> 532.5
G19: Total de wu esperado para cumprir as diversas atividades do projeto = | H19: =SUM(H12:H18) -> 54912
A21: Parte das tabelas acima são oriundas de um cronograma SIGITEC
A22: expected_wu é a quantidade de trabalho estimada para a realização da tarefa. Inicialmente, nos baseamos como sendo a própria capacidade da equipe

Sheet Equipe
A1: member_id | B1: name | C1: num_month | D1: dedication_tu | E1: profile | F1: dedication | G1: capacity | H1: member_expected_wu | I1: WTD_dedication | J1: WQA_dedication | K1: WRC_dedication | L1: WAP_dedication | M1: Validar %
A2: 1 | B2: Name 01 | C2: 12 | D2: =C2*Projeto!$B$7 -> 52.8 | E2: 150 | F2: 2 | G2: =E2*F2 -> 300 | H2: =ROUND(D2*G2,0) -> 15840 | I2: 1 | J2: 0 | K2: 0 | L2: 0 | M2: =IF(SUM(I2:L2)=1,"OK!","ERRO!!!") -> OK!
A3: 2 | B3: Name 02 | C3: 12 | D3: =C3*Projeto!$B$7 -> 52.8 | E3: 30 | F3: 8 | G3: =E3*F3 -> 240 | H3: =ROUND(D3*G3,0) -> 12672 | I3: 1 | J3: 0 | K3: 0 | L3: 0 | M3: =IF(SUM(I3:L3)=1,"OK!","ERRO!!!") -> OK!
A4: 3 | B4: Name 03 | C4: 6 | D4: =C4*Projeto!$B$7 -> 26.4 | E4: 100 | F4: 4 | G4: =E4*F4 -> 400 | H4: =ROUND(D4*G4,0) -> 10560 | I4: 1 | J4: 0 | K4: 0 | L4: 0 | M4: =IF(SUM(I4:L4)=1,"OK!","ERRO!!!") -> OK!
A5: 4 | B5: Name 04 | C5: 12 | D5: =C5*Projeto!$B$7 -> 52.8 | E5: 300 | F5: 1 | G5: =E5*F5 -> 300 | H5: =ROUND(D5*G5,0) -> 15840 | I5: 1 | J5: 0 | K5: 0 | L5: 0 | M5: =IF(SUM(I5:L5)=1,"OK!","ERRO!!!") -> OK!
C6: meses | D6: semanas | E6: Perfil | G6: Validação Referência | H6: =SUM(H2:H5) -> 54912
I7: Não temos as medições, mas temos a evolução % do WD no relatório gerencial
D9: tu | E9: wu/h | F9: h/tu | G9: wu/tu | H9: wu
A11: num_month = numero de meses que o membro vai dedicar ao projeto [meses]
A12: dedication_tu = número de semanas que o membro vai dedicar ao projeto [tu]. Usa padrão SIGITEC de 1 mês = 4,4 semanas
A13: profile = capacidade de trabalho em função do perfil profissional [wu/h]
A14: dedication = dedicação do membro em hs semanais [h/tu]
A15: capacity = capacidade de produção semanal de trabalho no projeto [wu/tu]
A16: member_expected_wu = trabalho esperado para o membro no projeto [wu]
A18: Alocação da equipe nas tarefas do projeto
F20: Capacidade do membro
F21: =SUMIF($A$2:$A$5,F24,$G$2:$G$5) -> 300 | G21: =SUMIF($A$2:$A$5,G24,$G$2:$G$5) -> 240 | H21: =SUMIF($A$2:$A$5,H24,$G$2:$G$5) -> 400 | I21: =SUMIF($A$2:$A$5,I24,$G$2:$G$5) -> 300
B22: tu (semanas) | F22: wu
B23: membros da equipe
A24: task_id | B24: 1 | C24: 2 | D24: 3 | E24: 4 | F24: 1 | G24: 2 | H24: 3 | I24: 4 | J24: expected_wu
A25: =Projeto!A12 -> 1 | B25: 8 | C25: 7 | D25: 12 | E25: 9 | F25: =B25*F$21 -> 2400 | G25: =C25*G$21 -> 1680 | H25: =D25*H$21 -> 4800 | I25: =E25*I$21 -> 2700 | J25: =SUM(F25:I25) -> 11580
A26: =Projeto!A13 -> 2 | B26: 7 | C26: 6 | D26: 7 | E26: 7 | F26: =B26*F$21 -> 2100 | G26: =C26*G$21 -> 1440 | H26: =D26*H$21 -> 2800 | I26: =E26*I$21 -> 2100 | J26: =SUM(F26:I26) -> 8440
A27: =Projeto!A14 -> 3 | B27: 7 | C27: 7 | D27: 3 | E27: 6 | F27: =B27*F$21 -> 2100 | G27: =C27*G$21 -> 1680 | H27: =D27*H$21 -> 1200 | I27: =E27*I$21 -> 1800 | J27: =SUM(F27:I27) -> 6780
A28: =Projeto!A15 -> 4 | B28: 7.8 | C28: 9 | D28: 4.4 | E28: 10 | F28: =B28*F$21 -> 2340 | G28: =C28*G$21 -> 2160 | H28: =D28*H$21 -> 1760 | I28: =E28*I$21 -> 3000 | J28: =SUM(F28:I28) -> 9260
A29: =Projeto!A16 -> 5 | B29: 5 | C29: 5.8 | E29: 8 | F29: =B29*F$21 -> 1500 | G29: =C29*G$21 -> 1392 | H29: =D29*H$21 -> 0 | I29: =E29*I$21 -> 2400 | J29: =SUM(F29:I29) -> 5292
A30: =Projeto!A17 -> 6 | B30: 13 | C30: 10 | E30: 10 | F30: =B30*F$21 -> 3900 | G30: =C30*G$21 -> 2400 | H30: =D30*H$21 -> 0 | I30: =E30*I$21 -> 3000 | J30: =SUM(F30:I30) -> 9300
A31: =Projeto!A18 -> 7 | B31: 5 | C31: 8 | E31: 2.8 | F31: =B31*F$21 -> 1500 | G31: =C31*G$21 -> 1920 | H31: =D31*H$21 -> 0 | I31: =E31*I$21 -> 840 | J31: =SUM(F31:I31) -> 4260
A32: Semanas = | B32: =SUM(B25:B31) -> 52.8 | C32: =SUM(C25:C31) -> 52.8 | D32: =SUM(D25:D31) -> 26.4 | E32: =SUM(E25:E31) -> 52.8 | F32: =ROUND(SUM(F25:F31),2) -> 15840 | G32: =SUM(G25:G31) -> 12672 | H32: =SUM(H25:H31) -> 10560 | I32: =SUM(I25:I31) -> 15840 | J32: =SUM(J25:J31) -> 54912
A33: Saldo = | B33: =SUMIF($A$2:$A$5,B24,$D$2:$D$5)-B32 -> 0 | C33: =SUMIF($A$2:$A$5,C24,$D$2:$D$5)-C32 -> 0 | D33: =SUMIF($A$2:$A$5,D24,$D$2:$D$5)-D32 -> 0 | E33: =SUMIF($A$2:$A$5,E24,$D$2:$D$5)-E32 -> 0 | F33: =IF(SUMIF($A$2:$A$5,F24,$H$2:$H$5)-F32=0,"OK!","ERRO!!!") -> OK! | G33: =IF(ROUND(SUMIF($A$2:$A$5,G24,$H$2:$H$5)-G32,2)=0,"OK!","ERRO!!!") -> OK! | H33: =IF(ROUND(SUMIF($A$2:$A$5,H24,$H$2:$H$5)-H32,2)=0,"OK!","ERRO!!!") -> OK! | I33: =IF(ROUND(SUMIF($A$2:$A$5,I24,$H$2:$H$5)-I32,2)=0,"OK!","ERRO!!!") -> OK! | J33: =IF(J32=$H$6,"OK!","ERRO!!!") -> OK!
J34: Validação
B36: Task_id
A37: =A1 -> member_id | B37: 1 | C37: 2 | D37: 3 | E37: 4 | F37: 5 | G37: 6 | H37: 7
A38: =A2 -> 1 | B38: =G2 -> 300 | C38: =B38 -> 300 | D38: =C38 -> 300 | E38: =D38 -> 300 | F38: =E38 -> 300 | G38: =F38 -> 300 | H38: =G38 -> 300
A39: =A3 -> 2 | B39: =G3 -> 240 | C39: Cada célula tem a capacidade média dada no perfil (Tabela SIGITEC) ou parâmetros de uma sigmiodal personalizada para o membro, por tarefa | H39: =B39 -> 240
A40: =A4 -> 3 | B40: =G4 -> 400 | H40: =B40 -> 400
A41: =A5 -> 4 | B41: =G5 -> 300 | C41: =B41 -> 300 | D41: =C41 -> 300 | E41: =D41 -> 300 | F41: =E41 -> 300 | G41: =F41 -> 300 | H41: =G41 -> 300

Sheet Atividades
A1: task_id | B1: task_description | C1: expected_ini_tu | D1: expected_end_tu | E1: expected_duration | F1: expected_wu | G1: expected_Rew | H1: expected_WU | I1: expected_PCron | J1: Pgestor | K1: perc_rew | L1: r_rew | M1: r_WU | N1: r_Pcron | O1: r_Pgestor | P1: expected_workrate | Q1: WTD | R1: WD | S1: WU | T1: WRew | U1: WPCron | V1: WPGestor | W1: RWTD | X1: RWD | Y1: RWU | Z1: RWRew | AA1: RWPCron | AB1: RWPGestor | AC1: WU_Param_Med | AD1: WU_DispersaoE | AE1: WU_DispersaoD | AF1: WU_sigma_e | AG1: WU_sigma_d | AH1: WU_Amplitude | AI1: PC_Param_Med | AJ1: PC_DispersaoE | AK1: PC_DispersaoD | AL1: PC_sigma_e | AM1: PC_sigma_d | AN1: PC_Amplitude | AO1: Enable | AP1: EnableEfetivo | AQ1: Done | AR1: predecessoras
A2: =Projeto!A12 -> 1 | B2: =VLOOKUP(A2,Projeto!$A$12:$B$18,2) -> Descrição Atividade 1 | C2: =SUMIF(Projeto!$A$12:$A$18,Atividades!A2,Projeto!$F$12:$F$18) -> 0 | D2: =SUMIF(Projeto!$A$12:$A$18,Atividades!A2,Projeto!$G$12:$G$18) -> 12 | E2: =D2-C2 -> 12 | F2: =Equipe!J25 -> 11580 | G2: 0 | H2: 0 | I2: 0 | J2: 0 | K2: =G2/100 -> 0 | L2: =K2+(G2/100)^2+(G2/100)^3+(G2/100)^4 -> 0 | M2: =(H2/100)+K2*((H2/100)^2+(H2/100)^3+(H2/100)^4) -> 0 | N2: =(I2/100)+K2*((I2/100)^2+(I2/100)^3+(I2/100)^4) -> 0 | O2: =(J2/100)+$K2*((J2/100)^2+(J2/100)^3+(J2/100)^4) -> 0 | P2: =F2/E2*(1+L2+M2-N2-O2) -> 965 | Q2: =F2 -> 11580 | R2: 0 | S2: 0 | T2: 0 | U2: 0 | V2: 0 | W2: 0 | X2: 0 | Y2: 0 | Z2: 0 | AA2: 0 | AB2: 0 | AC2: 0.6 | AD2: 6 | AE2: 18 | AF2: =$E2/AD2 -> 2 | AG2: =$E2/AE2 -> 0.66666667 | AH2: =($F2*H2/100)/(SQRT(PI()/2)*(AF2+AG2)) -> 0 | AI2: 0.82 | AJ2: 10 | AK2: =5*AJ2 -> 50 | AL2: =$E2/AJ2 -> 1.2 | AM2: =$E2/AK2 -> 0.24 | AN2: =($F2*I2/100)/(SQRT(PI()/2)*(AL2+AM2)) -> 0 | AO2: 0 | AP2: 0 | AQ2: 0 | AR2: =Projeto!C12 -> 0
A3: =Projeto!A13 -> 2 | B3: =VLOOKUP(A3,Projeto!$A$12:$B$18,2) -> Descrição Atividade 2 | C3: =SUMIF(Projeto!$A$12:$A$18,Atividades!A3,Projeto!$F$12:$F$18) -> 0 | D3: =SUMIF(Projeto!$A$12:$A$18,Atividades!A3,Projeto!$G$12:$G$18) -> 7 | E3: =D3-C3 -> 7 | F3: =Equipe!J26 -> 8440 | G3: =G2 -> 0 | H3: =H2 -> 0 | I3: =I2 -> 0 | J3: =J2 -> 0 | K3: =G3/100 -> 0 | L3: =K3+(G3/100)^2+(G3/100)^3+(G3/100)^4 -> 0 | M3: =(H3/100)+K3*((H3/100)^2+(H3/100)^3+(H3/100)^4) -> 0 | N3: =(I3/100)+K3*((I3/100)^2+(I3/100)^3+(I3/100)^4) -> 0 | O3: =(J3/100)+$K3*((J3/100)^2+(J3/100)^3+(J3/100)^4) -> 0 | P3: =F3/E3*(1+L3+M3-N3-O3) -> 1205.7143 | Q3: =F3 -> 8440 | R3: =R2 -> 0 | S3: =S2 -> 0 | T3: =T2 -> 0 | U3: =U2 -> 0 | V3: =V2 -> 0 | W3: =W2 -> 0 | X3: =X2 -> 0 | Y3: =Y2 -> 0 | ... AE3: =AE2 -> 18 | AF3: =$E3/AD3 -> 1.1666667 | AG3: =$E3/AE3 -> 0.38888889 | AH3: =($F3*H3/100)/(SQRT(PI()/2)*(AF3+AG3)) -> 0 | AI3: =AI2 -> 0.82 | AJ3: =AJ2 -> 10 | AK3: =AK2 -> 50 | AL3: =$E3/AJ3 -> 0.7 | AM3: =$E3/AK3 -> 0.14 | AN3: =($F3*I3/100)/(SQRT(PI()/2)*(AL3+AM3)) -> 0 | AO3: =AO2 -> 0 | AP3: =AP2 -> 0 | AQ3: =AQ2 -> 0 | AR3: =Projeto!C13 -> 0
A4: =Projeto!A14 -> 3 | B4: =VLOOKUP(A4,Projeto!$A$12:$B$18,2) -> Descrição Atividade 3 | C4: =SUMIF(Projeto!$A$12:$A$18,Atividades!A4,Projeto!$F$12:$F$18) -> 0 | D4: =SUMIF(Projeto!$A$12:$A$18,Atividades!A4,Projeto!$G$12:$G$18) -> 7 | E4: =D4-C4 -> 7 | F4: =Equipe!J27 -> 6780 | G4: =G3 -> 0 | H4: =H3 -> 0 | I4: =I3 -> 0 | J4: =J3 -> 0 | K4: =G4/100 -> 0 | L4: =K4+(G4/100)^2+(G4/100)^3+(G4/100)^4 -> 0 | M4: =(H4/100)+K4*((H4/100)^2+(H4/100)^3+(H4/100)^4) -> 0 | N4: =(I4/100)+K4*((I4/100)^2+(I4/100)^3+(I4/100)^4) -> 0 | O4: =(J4/100)+$K4*((J4/100)^2+(J4/100)^3+(J4/100)^4) -> 0 | P4: =F4/E4*(1+L4+M4-N4-O4) -> 968.57143 | Q4: =F4 -> 6780 | R4: =R3 -> 0 | S4: =S3 -> 0 | T4: =T3 -> 0 | U4: =U3 -> 0 | V4: =V3 -> 0 | W4: =W3 -> 0 | X4: =X3 -> 0 | Y4: =Y3 -> 0 | ... AE4: =AE3 -> 18 | AF4: =$E4/AD4 -> 1.1666667 | AG4: =$E4/AE4 -> 0.38888889 | AH4: =($F4*H4/100)/(SQRT(PI()/2)*(AF4+AG4)) -> 0 | AI4: =AI3 -> 0.82 | AJ4: =AJ3 -> 10 | AK4: =AK3 -> 50 | AL4: =$E4/AJ4 -> 0.7 | AM4: =$E4/AK4 -> 0.14 | AN4: =($F4*I4/100)/(SQRT(PI()/2)*(AL4+AM4)) -> 0 | AO4: =AO3 -> 0 | AP4: =AP3 -> 0 | AQ4: =AQ3 -> 0 | AR4: =Projeto!C14 -> 0
A5: =Projeto!A15 -> 4 | B5: =VLOOKUP(A5,Projeto!$A$12:$B$18,2) -> Descrição Atividade 4 | C5: 12 | D5: =SUMIF(Projeto!$A$12:$A$18,Atividades!A5,Projeto!$G$12:$G$18) -> 22 | E5: =D5-C5 -> 10 | F5: =Equipe!J28 -> 9260 | G5: =G4 -> 0 | H5: =H4 -> 0 | I5: =I4 -> 0 | J5: =J4 -> 0 | K5: =G5/100 -> 0 | L5: =K5+(G5/100)^2+(G5/100)^3+(G5/100)^4 -> 0 | M5: =(H5/100)+K5*((H5/100)^2+(H5/100)^3+(H5/100)^4) -> 0 | N5: =(I5/100)+K5*((I5/100)^2+(I5/100)^3+(I5/100)^4) -> 0 | O5: =(J5/100)+$K5*((J5/100)^2+(J5/100)^3+(J5/100)^4) -> 0 | P5: =F5/E5*(1+L5+M5-N5-O5) -> 926 | Q5: =F5 -> 9260 | R5: =R4 -> 0 | S5: =S4 -> 0 | T5: =T4 -> 0 | U5: =U4 -> 0 | V5: =V4 -> 0 | W5: =W4 -> 0 | X5: =X4 -> 0 | Y5: =Y4 -> 0 | ... AE5: =AE4 -> 18 | AF5: =$E5/AD5 -> 1.6666667 | AG5: =$E5/AE5 -> 0.55555556 | AH5: =($F5*H5/100)/(SQRT(PI()/2)*(AF5+AG5)) -> 0 | AI5: =AI4 -> 0.82 | AJ5: =AJ4 -> 10 | AK5: =AK4 -> 50 | AL5: =$E5/AJ5 -> 1 | AM5: =$E5/AK5 -> 0.2 | AN5: =($F5*I5/100)/(SQRT(PI()/2)*(AL5+AM5)) -> 0 | AO5: =AO4 -> 0 | AP5: =AP4 -> 0 | AQ5: =AQ4 -> 0 | AR5: =Projeto!C15 -> 1,2,3
A6: =Projeto!A16 -> 5 | B6: =VLOOKUP(A6,Projeto!$A$12:$B$18,2) -> Descrição Atividade 5 | C6: =SUMIF(Projeto!$A$12:$A$18,Atividades!A6,Projeto!$F$12:$F$18) -> 14 | D6: =SUMIF(Projeto!$A$12:$A$18,Atividades!A6,Projeto!$G$12:$G$18) -> 22 | E6: =D6-C6 -> 8 | F6: =Equipe!J29 -> 5292 | G6: =G5 -> 0 | H6: =H5 -> 0 | I6: =I5 -> 0 | J6: =J5 -> 0 | K6: =G6/100 -> 0 | L6: =K6+(G6/100)^2+(G6/100)^3+(G6/100)^4 -> 0 | M6: =(H6/100)+K6*((H6/100)^2+(H6/100)^3+(H6/100)^4) -> 0 | N6: =(I6/100)+K6*((I6/100)^2+(I6/100)^3+(I6/100)^4) -> 0 | O6: =(J6/100)+$K6*((J6/100)^2+(J6/100)^3+(J6/100)^4) -> 0 | P6: =F6/E6*(1+L6+M6-N6-O6) -> 661.5 | Q6: =F6 -> 5292 | R6: =R5 -> 0 | S6: =S5 -> 0 | T6: =T5 -> 0 | U6: =U5 -> 0 | V6: =V5 -> 0 | W6: =W5 -> 0 | X6: =X5 -> 0 | Y6: =Y5 -> 0 | ... AE6: =AE5 -> 18 | AF6: =$E6/AD6 -> 1.3333333 | AG6: =$E6/AE6 -> 0.44444444 | AH6: =($F6*H6/100)/(SQRT(PI()/2)*(AF6+AG6)) -> 0 | AI6: =AI5 -> 0.82 | AJ6: =AJ5 -> 10 | AK6: =AK5 -> 50 | AL6: =$E6/AJ6 -> 0.8 | AM6: =$E6/AK6 -> 0.16 | AN6: =($F6*I6/100)/(SQRT(PI()/2)*(AL6+AM6)) -> 0 | AO6: =AO5 -> 0 | AP6: =AP5 -> 0 | AQ6: =AQ5 -> 0 | AR6: =Projeto!C16 -> 0
A7: =Projeto!A17 -> 6 | B7: =VLOOKUP(A7,Projeto!$A$12:$B$18,2) -> Descrição Atividade 6 | C7: =SUMIF(Projeto!$A$12:$A$18,Atividades!A7,Projeto!$F$12:$F$18) -> 22 | D7: =SUMIF(Projeto!$A$12:$A$18,Atividades!A7,Projeto!$G$12:$G$18) -> 37 | E7: =D7-C7 -> 15 | F7: =Equipe!J30 -> 9300 | G7: =G6 -> 0 | H7: =H6 -> 0 | I7: =I6 -> 0 | J7: =J6 -> 0 | K7: =G7/100 -> 0 | L7: =K7+(G7/100)^2+(G7/100)^3+(G7/100)^4 -> 0 | M7: =(H7/100)+K7*((H7/100)^2+(H7/100)^3+(H7/100)^4) -> 0 | N7: =(I7/100)+K7*((I7/100)^2+(I7/100)^3+(I7/100)^4) -> 0 | O7: =(J7/100)+$K7*((J7/100)^2+(J7/100)^3+(J7/100)^4) -> 0 | P7: =F7/E7*(1+L7+M7-N7-O7) -> 620 | Q7: =F7 -> 9300 | R7: =R6 -> 0 | S7: =S6 -> 0 | T7: =T6 -> 0 | U7: =U6 -> 0 | V7: =V6 -> 0 | W7: =W6 -> 0 | X7: =X6 -> 0 | Y7: =Y6 -> 0 | ... AE7: =AE6 -> 18 | AF7: =$E7/AD7 -> 2.5 | AG7: =$E7/AE7 -> 0.83333333 | AH7: =($F7*H7/100)/(SQRT(PI()/2)*(AF7+AG7)) -> 0 | AI7: =AI6 -> 0.82 | AJ7: =AJ6 -> 10 | AK7: =AK6 -> 50 | AL7: =$E7/AJ7 -> 1.5 | AM7: =$E7/AK7 -> 0.3 | AN7: =($F7*I7/100)/(SQRT(PI()/2)*(AL7+AM7)) -> 0 | AO7: =AO6 -> 0 | AP7: =AP6 -> 0 | AQ7: =AQ6 -> 0 | AR7: =Projeto!C17 -> 4,5
A8: =Projeto!A18 -> 7 | B8: =VLOOKUP(A8,Projeto!$A$12:$B$18,2) -> Descrição Atividade 7 | C8: =SUMIF(Projeto!$A$12:$A$18,Atividades!A8,Projeto!$F$12:$F$18) -> 37 | D8: =SUMIF(Projeto!$A$12:$A$18,Atividades!A8,Projeto!$G$12:$G$18) -> 45 | E8: =D8-C8 -> 8 | F8: =Equipe!J31 -> 4260 | G8: =G7 -> 0 | H8: =H7 -> 0 | I8: =I7 -> 0 | J8: =J7 -> 0 | K8: =G8/100 -> 0 | L8: =K8+(G8/100)^2+(G8/100)^3+(G8/100)^4 -> 0 | M8: =(H8/100)+K8*((H8/100)^2+(H8/100)^3+(H8/100)^4) -> 0 | N8: =(I8/100)+K8*((I8/100)^2+(I8/100)^3+(I8/100)^4) -> 0 | O8: =(J8/100)+$K8*((J8/100)^2+(J8/100)^3+(J8/100)^4) -> 0 | P8: =F8/E8*(1+L8+M8-N8-O8) -> 532.5 | Q8: =F8 -> 4260 | R8: =R7 -> 0 | S8: =S7 -> 0 | T8: =T7 -> 0 | U8: =U7 -> 0 | V8: =V7 -> 0 | W8: =W7 -> 0 | X8: =X7 -> 0 | Y8: =Y7 -> 0 | ... AE8: =AE7 -> 18 | AF8: =$E8/AD8 -> 1.3333333 | AG8: =$E8/AE8 -> 0.44444444 | AH8: =($F8*H8/100)/(SQRT(PI()/2)*(AF8+AG8)) -> 0 | AI8: =AI7 -> 0.82 | AJ8: =AJ7 -> 10 | AK8: =AK7 -> 50 | AL8: =$E8/AJ8 -> 0.8 | AM8: =$E8/AK8 -> 0.16 | AN8: =($F8*I8/100)/(SQRT(PI()/2)*(AL8+AM8)) -> 0 | AO8: =AO7 -> 0 | AP8: =AP7 -> 0 | AQ8: =AQ7 -> 0 | AR8: =Projeto!C18 -> 6
